{"acc": [0.5121396054628224, 0.5925644916540213, 0.5887708649468892, 0.7352048558421851, 0.7382397572078907, 0.7564491654021245, 0.7746585735963581, 0.7685887708649469, 0.7822458270106222, 0.791350531107739, 0.7959028831562974, 0.8141122913505311, 0.8156297420333839, 0.8330804248861912, 0.8482549317147192, 0.8505311077389985, 0.8330804248861912, 0.8490136570561456, 0.8209408194233687, 0.8482549317147192, 0.8535660091047041, 0.8634294385432474, 0.8103186646433991, 0.8694992412746586, 0.8239757207890743, 0.855083459787557, 0.8710166919575114, 0.8437025796661608, 0.8877086494688923, 0.8839150227617603, 0.8444613050075872, 0.8869499241274659, 0.8573596358118362, 0.8755690440060698, 0.8603945371775418, 0.8877086494688923, 0.866464339908953, 0.866464339908953, 0.8823975720789075, 0.8535660091047041, 0.8975720789074355, 0.8482549317147192, 0.8573596358118362, 0.8930197268588771, 0.8998482549317147, 0.9059180576631259, 0.8907435508345979, 0.9044006069802731, 0.9051593323216995, 0.8770864946889226, 0.9081942336874052, 0.8892261001517451, 0.9112291350531108, 0.8945371775417299, 0.9150227617602428, 0.8945371775417299, 0.8922610015174507, 0.8990895295902883, 0.8732928679817906, 0.917298937784522, 0.8823975720789075, 0.9089529590288316, 0.917298937784522, 0.8930197268588771, 0.9157814871016692, 0.9188163884673748, 0.9044006069802731, 0.9112291350531108, 0.8892261001517451, 0.9081942336874052, 0.9127465857359636, 0.9104704097116844, 0.921092564491654, 0.9028831562974203, 0.9119878603945372, 0.91350531107739, 0.9112291350531108, 0.9203338391502276, 0.9301972685887708, 0.9127465857359636, 0.9264036418816388, 0.8960546282245827, 0.9226100151745068, 0.9218512898330804, 0.9157814871016692, 0.9119878603945372, 0.9309559939301972, 0.9339908952959028, 0.9347496206373292, 0.9127465857359636], "f1": [0.13922356091030788, 0.46030150753768845, 0.42947368421052634, 0.7491013659237958, 0.7264076130055511, 0.7562642369020501, 0.7883107626514612, 0.7718773373223634, 0.7783783783783784, 0.8096885813148789, 0.7903351519875292, 0.8228488792480115, 0.8103044496487121, 0.8358208955223881, 0.8520710059171598, 0.852434456928839, 0.8408104196816208, 0.8552727272727273, 0.8150470219435737, 0.8442367601246106, 0.8505034856700233, 0.8644578313253012, 0.7837370242214533, 0.8706766917293233, 0.8063439065108514, 0.859040590405904, 0.8771676300578035, 0.8294701986754967, 0.8910162002945509, 0.8827586206896553, 0.8337388483373885, 0.8873771730914588, 0.8478964401294499, 0.8748091603053436, 0.8525641025641025, 0.8858024691358025, 0.8787878787878788, 0.8573743922204214, 0.8812260536398467, 0.8454763811048839, 0.8982667671439337, 0.8655913978494623, 0.8451400329489291, 0.8934240362811793, 0.9010494752623689, 0.9063444108761328, 0.8972895863052781, 0.9061102831594635, 0.905802562170309, 0.8712241653418125, 0.9090909090909091, 0.8866459627329193, 0.9104820198928845, 0.896500372300819, 0.916913946587537, 0.9023190442726634, 0.90014064697609, 0.9011152416356878, 0.8614107883817428, 0.9194382852919437, 0.8753016894609815, 0.909090909090909, 0.9197939661515819, 0.8894117647058823, 0.9173492181682801, 0.9213813372520206, 0.9018691588785047, 0.9088074824629775, 0.8820678513731826, 0.9126353790613719, 0.9162418062636563, 0.9080996884735203, 0.9218045112781955, 0.901386748844376, 0.9172610556348073, 0.9164222873900294, 0.9099307159353348, 0.9201520912547527, 0.933042212518195, 0.9106449106449106, 0.9270127915726111, 0.9042627533193571, 0.926829268292683, 0.9208301306687162, 0.9152024446142094, 0.9079365079365079, 0.9317329332333084, 0.9342403628117913, 0.9362962962962962, 0.9089469517022961], "loss": [0.6812472343444824, 0.6774592995643616, 0.6445328593254089, 0.6177583932876587, 0.611682653427124, 0.585451066493988, 0.4928727447986603, 0.40303462743759155, 0.47997087240219116, 0.5302056670188904, 0.464634507894516, 0.48423904180526733, 0.48394283652305603, 0.4357485771179199, 0.3628869354724884, 0.4221009612083435, 0.3843390941619873, 0.373878538608551, 0.400676965713501, 0.37541261315345764, 0.35113993287086487, 0.2469111680984497, 0.3738234043121338, 0.3892410099506378, 0.3316449224948883, 0.40918898582458496, 0.30349013209342957, 0.34826532006263733, 0.26095426082611084, 0.3251161575317383, 0.3045603334903717, 0.37652644515037537, 0.3086972236633301, 0.48873692750930786, 0.2527262270450592, 0.2905287742614746, 0.2673451006412506, 0.4624437689781189, 0.2480739802122116, 0.16910409927368164, 0.20513901114463806, 0.23037973046302795, 0.2559046745300293, 0.3892281651496887, 0.15079711377620697, 0.31989264488220215, 0.21195508539676666, 0.27598631381988525, 0.18617361783981323, 0.21107546985149384, 0.16874881088733673, 0.18058767914772034, 0.16070130467414856, 0.20764707028865814, 0.1740545630455017, 0.2843047082424164, 0.16279037296772003, 0.18860848248004913, 0.2256624400615692, 0.2561696469783783, 0.20704025030136108, 0.1583794206380844, 0.15216125547885895, 0.26737281680107117, 0.13309040665626526, 0.16652420163154602, 0.1688094139099121, 0.13410507142543793, 0.13686096668243408, 0.19417813420295715, 0.2265031784772873, 0.17771311104297638, 0.14397066831588745, 0.09514055401086807, 0.08928020298480988, 0.1728362739086151, 0.12465952336788177, 0.1057855486869812, 0.25928348302841187, 0.184600368142128, 0.1696125715970993, 0.3001636564731598, 0.1342877298593521, 0.1311340034008026, 0.06846600025892258, 0.2390618771314621, 0.15600141882896423, 0.26744404435157776, 0.1279255747795105, 0.2550383508205414]}